{
    "loss": 48.023040771484375,
    "accuracy": 0.5686274766921997
}